player,team,span,matches,innings,balls,overs,maidens,runs,wickets,bbi,average,economy,strike_rate,four_wickets,five_wickets
"R Sonu Yadav","NRK","2025-2025","7","7","154","25.4","0","205","16","3/22","12.81","7.98","9.62","0","0"
"Esakkimuthu A","TT","2025-2025","8","8","180","30.0","0","224","14","4/26","16.00","7.46","12.85","1","0"
"R Ashwin","DD","2025-2025","10","10","228","38.0","0","280","13","3/22","21.53","7.36","17.53","0","0"
"AB Tanwar","CSG","2025-2025","9","9","196","32.4","0","312","13","4/16","24.00","9.55","15.07","1","0"
"M Mohammed","SAL","2025-2025","7","7","150","25.0","0","181","12","4/20","15.08","7.24","12.50","1","0"
"R Sai Kishore","TT","2025-2025","9","9","205","34.1","0","186","12","2/9","15.50","5.44","17.08","0","0"
"V Athisayaraj Davidson","TRI","2025-2025","8","8","177","29.3","0","257","12","3/26","21.41","8.71","14.75","0","0"
"G Periyaswamy","DD","2025-2025","10","10","234","39.0","0","396","12","2/30","33.00","10.15","19.50","0","0"
"J Prem Kumar","CSG","2025-2025","9","9","214","35.4","0","279","11","3/19","25.36","7.82","19.45","0","0"
"CV Varun","DD","2025-2025","10","10","234","39.0","0","288","11","3/25","26.18","7.38","21.27","0","0"
"TD Lokesh Raj","CSG","2025-2025","7","7","102","17.0","0","151","10","5/13","15.10","8.88","10.20","0","1"
"K Easwaran","TRI","2025-2025","7","7","150","25.0","0","181","10","2/10","18.10","7.24","15.00","0","0"
"T Natarajan","TT","2025-2025","9","9","179","29.5","2","196","10","3/14","19.60","6.56","17.90","0","0"
"M Poiyamozhi","SAL","2025-2025","7","7","156","26.0","0","218","10","3/29","21.80","8.38","15.60","0","0"
"R Silambarasan","TT","2025-2025","9","9","168","28.0","0","231","10","2/12","23.10","8.25","16.80","0","0"
"V Shankar","CSG","2025-2025","9","8","168","28.0","0","239","10","3/23","23.90","8.53","16.80","0","0"
"M Silambarasan","CSG","2025-2025","9","8","174","29.0","0","164","8","2/18","20.50","5.65","21.75","0","0"
"S Rathi","NRK","2025-2025","7","7","144","24.0","0","202","8","5/17","25.25","8.41","18.00","0","1"
"P Saravana Kumar","TRI","2025-2025","8","8","156","26.0","0","227","8","2/19","28.37","8.73","19.50","0","0"
"R Divakar","LKK","2025-2025","3","3","53","8.5","1","44","7","3/5","6.28","4.98","7.57","0","0"
"S Mohan Prasath","TT","2025-2025","6","6","102","17.0","0","124","7","2/16","17.71","7.29","14.57","0","0"
"M Mathivannan","TT","2025-2025","6","5","66","11.0","0","81","6","3/12","13.50","7.36","11.00","0","0"
"Rocky Bhasker","NRK","2025-2025","5","5","114","19.0","0","116","6","2/24","19.33","6.10","19.00","0","0"
"Surya Anand S","SMP","2025-2025","6","6","90","15.0","0","154","6","4/24","25.66","10.26","15.00","1","0"
"P Vidyuth","LKK","2025-2025","3","3","49","8.1","0","62","5","5/23","12.40","7.59","9.80","0","1"
"P Bhuvaneswaran","LKK","2025-2025","6","6","90","15.0","0","106","5","2/9","21.20","7.06","18.00","0","0"
"N Kabilan","LKK","2025-2025","4","4","72","12.0","1","109","5","2/26","21.80","9.08","14.40","0","0"
"R Sasidharan","DD","2025-2025","4","4","72","12.0","0","119","5","2/23","23.80","9.91","14.40","0","0"
"Gurjapneet Singh","SMP","2025-2025","7","7","124","20.4","0","155","5","2/23","31.00","7.50","24.80","0","0"
"V Yudheeshwaran","NRK","2025-2025","5","4","84","14.0","0","163","5","3/37","32.60","11.64","16.80","0","0"
"M Ashwin","SMP","2025-2025","7","7","132","22.0","0","178","5","2/35","35.60","8.09","26.40","0","0"
"S Sandeep Warrier","DD","2025-2025","8","8","165","27.3","0","212","5","2/27","42.40","7.70","33.00","0","0"
"U Mukilesh","TRI","2025-2025","8","3","54","9.0","0","74","4","3/23","18.50","8.22","13.50","0","0"
"P Saravanan","SMP","2025-2025","7","6","90","15.0","0","128","4","2/31","32.00","8.53","22.50","0","0"
"Sunny Sandhu","SAL","2025-2025","7","7","84","14.0","1","136","4","2/18","34.00","9.71","21.00","0","0"
"Emmanuel Cherian","NRK","2025-2025","7","7","132","22.0","1","160","4","1/15","40.00","7.27","33.00","0","0"
"R Rajkumar","TRI","2025-2025","8","7","138","23.0","0","173","4","2/32","43.25","7.52","34.50","0","0"
"J Subramanyan","LKK","2025-2025","7","7","132","22.0","0","195","4","2/32","48.75","8.86","33.00","0","0"
"RS Shah","SAL","2025-2025","7","7","126","21.0","0","197","4","1/22","49.25","9.38","31.50","0","0"
"M Karthik Saran","DD","2025-2025","10","4","60","10.0","0","92","3","2/44","30.66","9.20","20.00","0","0"
"M Shahrukh Khan","LKK","2025-2025","7","7","113","18.5","1","159","3","2/26","53.00","8.44","37.66","0","0"
"DT Chandrasekar","DD","2025-2025","7","7","114","19.0","0","162","3","2/27","54.00","8.52","38.00","0","0"
"Swapnil Singh","CSG","2025-2025","8","8","114","19.0","0","172","3","2/26","57.33","9.05","38.00","0","0"
"S Harish Kumar","SAL","2025-2025","7","7","82","13.4","0","177","3","1/24","59.00","12.95","27.33","0","0"
"M Ayush","SMP","2025-2025","1","1","12","2.0","0","20","2","2/20","10.00","10.00","6.00","0","0"
"C Hari Nishaanth","SAL","2025-2025","7","3","36","6.0","0","49","2","1/11","24.50","8.16","18.00","0","0"
"M Ganesh Moorthi","TRI","2025-2025","3","3","42","7.0","0","59","2","1/19","29.50","8.42","21.00","0","0"
"V Bhuvaneshwar","DD","2025-2025","2","2","36","6.0","0","62","2","1/27","31.00","10.33","18.00","0","0"
"Ajay K Krishna","NRK","2025-2025","2","2","36","6.0","0","65","2","1/24","32.50","10.83","18.00","0","0"
"KP Meiyappan","SMP","2025-2025","3","2","48","8.0","0","66","2","2/24","33.00","8.25","24.00","0","0"
"K Gowtham Thamarai","SMP","2025-2025","3","3","48","8.0","0","67","2","2/16","33.50","8.37","24.00","0","0"
"D Rahul","SAL","2025-2025","2","2","42","7.0","0","82","2","1/40","41.00","11.71","21.00","0","0"
"S Mohamed Ali","TT","2025-2025","9","5","48","8.0","0","83","2","1/6","41.50","10.37","24.00","0","0"
"S Rohith Suthar","CSG","2025-2025","3","3","42","7.0","0","86","2","1/22","43.00","12.28","21.00","0","0"
"Rajalingam S","SMP","2025-2025","4","4","48","8.0","0","99","2","2/22","49.50","12.37","24.00","0","0"
"R Rohit","LKK","2025-2025","4","4","60","10.0","0","104","2","1/17","52.00","10.40","30.00","0","0"
"P Vignesh","SMP","2025-2025","4","4","57","9.3","0","105","2","1/30","52.50","11.05","28.50","0","0"
"N Selva Kumaran","TRI","2025-2025","6","6","102","17.0","1","119","2","1/15","59.50","7.00","51.00","0","0"
"R Sanjay Yadav","TRI","2025-2025","8","8","110","18.2","0","138","2","1/21","69.00","7.52","55.00","0","0"
"M Siddharth","LKK","2025-2025","7","7","162","27.0","0","165","2","2/16","82.50","6.11","81.00","0","0"
"P Ranjan Paul","TT","2025-2025","9","1","4","0.4","0","0","1","1/0","0","0","4.00","0","0"
"S Ajith Ram","SAL","2025-2025","1","1","18","3.0","0","15","1","1/15","15.00","5.00","18.00","0","0"
"J Gowri Sankar","SAL","2025-2025","3","2","18","3.0","0","20","1","1/11","20.00","6.66","18.00","0","0"
"VS Karthick Manikandan","SAL","2025-2025","1","1","15","2.3","0","27","1","1/27","27.00","10.80","15.00","0","0"
"M Uday Kumar","NRK","2025-2025","2","2","42","7.0","0","79","1","1/33","79.00","11.28","42.00","0","0"
"NS Harish","NRK","2025-2025","7","5","72","12.0","0","83","1","1/14","83.00","6.91","72.00","0","0"
"PS Nirmal Kumar","NRK","2025-2025","5","4","54","9.0","0","90","1","1/28","90.00","10.00","54.00","0","0"