Player_Name,Team_x,Type,Base,Final_Price
virat kohli,RCB,BAT,-,21
rajat patidar,RCB,BAT,-,11
yash dayal,RCB,BOWL,-,5
jasprit bumrah,MI,BOWL,-,18
suryakumar yadav,MI,BAT,-,16.35
hardik pandya,MI,AR,-,16.35
rohit sharma,MI,BAT,-,16.3
tilak varma,MI,AR,-,8
heinrich klaasen,SRH,BAT,-,23
pat cummins,SRH,AR,-,18
abhishek sharma,SRH,AR,-,14
travis head,SRH,BAT,-,14
nitish kumar reddy,SRH,AR,-,6
ruturaj gaikwad,CSK,BAT,-,18
ravindra jadeja,CSK,AR,-,18
matheesha pathirana,CSK,BOWL,-,13
shivam dube,CSK,AR,-,12
ms dhoni,CSK,BAT,-,4
axar patel,DC,AR,-,16.5
kuldeep yadav,DC,BOWL,-,13.25
tristan stubbs,DC,BAT,-,10
abishek porel,DC,BAT,-,4
rinku singh,KKR,BAT,-,13
varun chakravarthy,KKR,AR,-,12
sunil narine,KKR,BOWL,-,12
andre russell,KKR,AR,-,12
harshit rana,KKR,BOWL,-,4
ramandeep singh,KKR,AR,-,4
sanju samson,RR,BAT,-,18
yashasvi jaiswal,RR,AR,-,18
riyan parag,RR,AR,-,14
dhruv jurel,RR,BAT,-,14
shimron hetmyer,RR,BAT,-,11
sandeep sharma,RR,BOWL,-,4
rashid khan,GT,BOWL,-,18
shubman gill,GT,BAT,-,16.5
sai sudharsan,GT,AR,-,8.5
rahul tewatia,GT,AR,-,4
m shahrukh khan,GT,AR,-,4
nicholas pooran,LSG,BAT,-,21
ravi bishnoi,LSG,BOWL,-,11
mayank yadav,LSG,BOWL,-,11
mohsin khan,LSG,BOWL,-,4
ayush badoni,LSG,AR,-,4
shashank singh,PBKS,AR,-,5.5
prabhsimran singh,PBKS,BAT,-,4
jos buttler,GT,BAT,2,15.75
shreyas iyer,PBKS,BAT,2,26.75
rishabh pant,LSG,BAT,2,27
kagiso rabada,GT,BOWL,2,10.75
arshdeep singh,PBKS,BOWL,2,18
mitchell starc,DC,BOWL,2,11.75
yuzvendra chahal,PBKS,BOWL,2,18
liam livingstone,RCB,AR,2,8.75
david miller,LSG,BAT,1.5,7.5
kl rahul,DC,BAT,2,14
mohammed shami,SRH,BOWL,2,10
mohammed siraj,GT,BOWL,2,12.25
harry brook,DC,BAT,2,6.25
devon conway,CSK,BAT,2,6.25
jake fraser-mcgurk,DC,BAT,2,9
aiden markram,LSG,BAT,2,2
devdutt padikkal,RCB,BAT,2,2
rahul tripathi,CSK,BAT,0.75,3.4
david warner,-,BAT,2,Unsold
ravichandran ashwin,CSK,AR,2,9.75
venkatesh iyer,KKR,AR,2,23.75
mitchell marsh,LSG,AR,2,3.4
glenn maxwell,PBKS,AR,2,4.2
harshal patel,SRH,AR,2,8
rachin ravindra,CSK,AR,1.5,4
marcus stoinis,PBKS,AR,2,11
jonny bairstow,-,BAT,2,Unsold
quinton de kock,KKR,BAT,2,3.6
rahmanullah gurbaz,KKR,BAT,2,2
ishan kishan,SRH,BAT,2,11.25
phil salt,RCB,BAT,2,11.5
jitesh sharma,RCB,BAT,1,11
khaleel ahmed,CSK,BOWL,2,4.8
trent boult,MI,BOWL,2,12.5
josh hazlewood,RCB,BOWL,2,12.5
avesh khan,LSG,BOWL,2,9.75
prasidh krishna,GT,BOWL,2,9.5
t natarajan,DC,BOWL,2,10.75
anrich nortje,KKR,BOWL,2,6.5
noor ahmad,CSK,BOWL,2,10
rahul chahar,SRH,BOWL,1,3.2
wanindu hasaranga,RR,BOWL,2,5.25
waqar salamkheil,-,BOWL,0.75,Unsold
maheesh theekshana,RR,BOWL,2,4.4
adam zampa,SRH,BOWL,2,2.4
yash dhull,-,BAT,0.3,Unsold
abhinav manohar,SRH,BAT,0.3,3.2
karun nair,DC,BAT,0.3,0.5
angkrish raghuvanshi,KKR,BAT,0.3,3
anmolpreet singh,-,BAT,0.3,Unsold
atharva taide,SRH,BAT,0.3,0.3
nehal wadhera,PBKS,BAT,0.3,4.2
harpreet brar,PBKS,AR,0.3,1.5
naman dhir,MI,AR,0.3,5.25
mahipal lomror,GT,AR,0.5,1.7
sameer rizvi,DC,AR,0.3,0.95
abdul samad,LSG,AR,0.3,4.2
vijay shankar,CSK,AR,0.3,1.2
ashutosh sharma,DC,AR,0.3,3.8
nishant sindhu,GT,AR,0.3,0.3
utkarsh singh,-,AR,0.3,Unsold
aryan juyal,LSG,BAT,0.3,0.3
kumar kushagra,GT,BAT,0.3,0.65
robin minz,MI,BAT,0.3,0.65
anuj rawat,GT,BAT,0.3,0.3
luvnith sisodia,KKR,BAT,0.3,0.3
vishnu vinod,PBKS,BAT,0.3,0.95
upendra yadav,-,BAT,0.3,Unsold
vaibhav arora,KKR,BOWL,0.3,1.8
rasikh salam,RCB,BOWL,0.3,6
akash madhwal,RR,BOWL,0.3,1.2
mohit sharma,DC,BOWL,0.5,2.2
simarjeet singh,SRH,BOWL,0.3,1.5
yash thakur,PBKS,BOWL,0.4,1.6
kartik tyagi,-,BOWL,0.3,Unsold
vijaykumar vyshak,PBKS,BOWL,0.3,1.8
piyush chawla,-,BOWL,0.5,Unsold
shreyas gopal,CSK,BOWL,0.3,0.3
mayank markande,KKR,BOWL,0.3,0.3
suyash sharma,RCB,BOWL,0.3,2.6
karn sharma,MI,BOWL,0.5,0.5
kumar kartikeya,RR,BOWL,0.3,0.3
manav suthar,GT,BOWL,0.3,0.3
mayank agarawal,-,BAT,1,Unsold
faf du plessis,DC,BAT,2,2
glenn phillips,GT,BAT,2,2
rovman powell,KKR,BAT,1.5,1.5
ajinkya rahane,KKR,BAT,1.5,1.5
prithvi shaw,-,BAT,0.75,Unsold
kane williamson,-,BAT,2,Unsold
sam curran,CSK,AR,2,2.4
marco jansen,PBKS,AR,1.25,7
daryl mitchell,-,AR,2,Unsold
krunal pandya,RCB,AR,2,5.75
nitish rana,RR,AR,1.5,4.2
washington sundar,GT,AR,2,3.2
shardul thakur,-,AR,2,Unsold
srikar bharat,-,BAT,0.75,Unsold
alex carey,-,BAT,1,Unsold
donovan ferreira,DC,BAT,0.75,0.75
shai hope,-,BAT,1.25,Unsold
josh inglis,PBKS,BAT,2,2.6
ryan rickelton,MI,BAT,1,1
deepak chahar,MI,BOWL,2,9.25
gerald coetzee,GT,BOWL,1.25,2.4
akash deep,LSG,BOWL,1,8
tushar deshpande,RR,BOWL,1,6.5
lockie ferguson,PBKS,BOWL,2,2
bhuvneshwar kumar,RCB,BOWL,2,10.75
mukesh kumar,DC,BOWL,2,8
am ghazanfar,MI,BOWL,0.75,4.8
akeal hosein,-,BOWL,1.5,Unsold
keshav maharaj,-,BOWL,0.75,Unsold
mujeeb ur rahman,-,BOWL,2,Unsold
adil rashid,-,BOWL,2,Unsold
vijayakanth viyaskanth,-,BOWL,0.75,Unsold
ricky bhui,-,BAT,0.3,TBA
swastik chikara,RCB,BAT,0.3,0.3
aarya desai,-,BAT,0.3,TBA
shubham dubey,RR,BAT,0.3,0.8
madhav kaushik,-,BAT,0.3,Unsold
pukhraj mann,-,BAT,0.3,Unsold
shaik rasheed,CSK,BAT,0.3,0.3
himmat singh,LSG,BAT,0.3,0.3
mayank dagar,-,AR,0.3,Unsold
anshul kamboj,CSK,AR,0.3,3.4
arshad khan,GT,AR,0.3,1.3
darshan nalkande,DC,AR,0.3,0.3
suyash prabhudessai,-,AR,0.3,TBA
anukul roy,KKR,AR,0.3,0.4
swapnil singh,RCB,AR,0.3,0.5
sanvir singh,-,AR,0.3,TBA
aravelly avanish,-,BAT,0.3,Unsold
vansh bedi,CSK,BAT,0.3,0.55
saurav chauhan,-,BAT,0.3,TBA
harvik desai,-,BAT,0.3,Unsold
tom kohler-cadmore,-,BAT,0.5,TBA
kunal singh rathore,RR,BAT,0.3,0.3
br sharath,-,BAT,0.3,TBA
gurnoor brar,GT,BOWL,0.3,1.3
mukesh choudhary,CSK,BOWL,0.3,0.3
sakib hussain,-,BOWL,0.3,Unsold
vidwath kaverappa,-,BOWL,0.3,Unsold
rajan kumar,-,BOWL,0.3,Unsold
sushant mishra,-,BOWL,0.3,TBA
arjun tendulkar,MI,BOWL,0.3,0.3
zeeshan ansari,SRH,BOWL,0.3,0.4
prince choudhary,-,BOWL,0.3,Unsold
himanshu sharma,-,BOWL,0.3,TBA
manimaran siddharth,LSG,BOWL,0.3,0.75
digvesh singh,LSG,BOWL,0.3,0.3
prashant solanki,-,BOWL,0.3,Unsold
jhathavedh subramanyan,-,BOWL,0.3,Unsold
finn allen,-,BAT,2,Unsold
dewald brevis,-,BAT,0.75,Unsold
ben duckett,-,BAT,2,Unsold
manish pandey,KKR,BAT,0.75,0.75
rilee rossouw,-,BAT,2,TBA
sherfane rutherford,GT,BAT,1.5,2.6
ashton turner,-,BAT,1,TBA
james vince,-,BAT,2,TBA
shahbaz ahmed,LSG,AR,1,2.4
moeen ali,KKR,AR,2,2
tim david,RCB,AR,2,3
deepak hooda,CSK,AR,0.75,1.7
will jacks,MI,AR,2,5.25
azmatullah omarzai,PBKS,AR,1.5,2.4
sai kishore,GT,AR,0.75,2
romario shepherd,RCB,AR,1.5,1.5
tom banton,-,BAT,2,TBA
sam billings,-,BAT,1.5,TBA
jordan cox,-,BAT,1.25,TBA
ben mcdermott,-,BAT,0.75,TBA
kusal mendis,-,BAT,0.75,TBA
kusal perera,-,BAT,0.75,TBA
josh philippe,-,BAT,0.75,Unsold
tim seifert,-,BAT,1.25,TBA
nandre burger,-,BOWL,1.25,TBA
spencer johnson,KKR,BOWL,2,2.8
umran malik,KKR,BOWL,0.75,0.75
mustafizur rahman,-,BOWL,2,Unsold
ishant sharma,GT,BOWL,0.75,0.75
nuwan thushara,RCB,BOWL,0.75,1.6
naveen-ul-haq,-,BOWL,2,Unsold
jaydev unadkat,SRH,BOWL,1,1
umesh yadav,-,BOWL,2,Unsold
rishad hossain,-,BOWL,0.75,Unsold
zahir khan,-,BOWL,0.75,TBA
nqabayomzi peter,-,BOWL,0.75,TBA
tanveer sangha,-,BOWL,0.75,TBA
tabraiz shamsi,-,BOWL,2,TBA
jeffrey vandersay,-,BOWL,0.75,TBA
sachin baby,SRH,BAT,0.3,0.3
priyam garg,-,BAT,0.3,TBA
harnoor singh,PBKS,BAT,0.3,0.3
r smaran,-,BAT,0.3,TBA
shashwat rawat,-,BAT,0.3,TBA
c andre siddarth,CSK,BAT,0.3,0.3
avneesh sudha,-,BAT,0.3,TBA
apoorv wankhade,-,BAT,0.3,TBA
yudhvir singh,RR,AR,0.3,0.35
rishi dhawan,-,AR,0.3,Unsold
rajvardhan hangargekar,LSG,AR,0.3,0.3
tanush kotian,-,AR,0.3,Unsold
arshin kulkarni,LSG,AR,0.3,0.3
shams mulani,-,AR,0.3,TBA
shivam singh,-,AR,0.3,Unsold
lalit yadav,-,AR,0.3,TBA
mohammed azharuddeen,-,BAT,0.3,TBA
lr chethan,-,BAT,0.3,Unsold
aryaman singh,-,BAT,0.3,TBA
urvil patel,-,BAT,0.3,TBA
sanskar rawat,-,BAT,0.3,TBA
bipin saurabh,-,BAT,0.3,TBA
tanay thyagarajan,-,BAT,0.3,TBA
money grewal,-,BOWL,0.3,TBA
ashwani kumar,MI,BOWL,0.3,0.3
ishan porel,-,BOWL,0.3,TBA
abhilash shetty,-,BOWL,0.3,TBA
akash singh,LSG,BOWL,0.3,0.3
gurjapneet singh,CSK,BOWL,0.3,2.2
basil thampi,-,BOWL,0.3,TBA
murugan ashwin,-,BOWL,0.3,Unsold
shreyas chavan,-,BOWL,0.3,TBA
chintal gandhi,-,BOWL,0.3,TBA
raghav goyal,-,BOWL,0.3,Unsold
jagadeesha suchith,-,BOWL,0.3,TBA
roshan waghsare,-,BOWL,0.3,TBA
bailapudi yeswanth,-,BOWL,0.3,Unsold
sediqullah atal,-,BAT,0.75,TBA
matthew breetzke,LSG,BAT,0.75,0.75
mark chapman,-,BAT,1.5,TBA
brandon king,-,BAT,0.75,Unsold
evin lewis,-,BAT,2,TBA
pathum nissanka,-,BAT,0.75,Unsold
bhanuka rajapaksa,-,BAT,0.75,TBA
steven smith,-,BAT,2,Unsold
gus atkinson,-,AR,2,Unsold
tom curran,-,AR,2,TBA
krishnappa gowtham,-,AR,1,TBA
mohammad nabi,-,AR,1.5,TBA
gulbadin naib,-,AR,1,TBA
sikandar raza,-,AR,1.25,Unsold
mitchell santner,MI,AR,2,2
jayant yadav,GT,AR,0.75,0.75
johnson charles,-,BAT,0.75,TBA
litton das,-,BAT,0.75,TBA
andre fletcher,-,BAT,0.75,TBA
tom latham,-,BAT,1.5,Unsold
ollie pope,-,BAT,0.75,TBA
kyle verreynne,-,BAT,0.75,TBA
fazalhaq farooqi,RR,BOWL,2,2
richard gleeson,-,BOWL,0.75,Unsold
matt henry,-,BOWL,2,TBA
alzarri joseph,-,BOWL,2,Unsold
kwena maphaka,RR,BOWL,0.75,1.5
kuldeep sen,PBKS,BOWL,0.75,0.8
reece topley,MI,BOWL,0.75,0.75
lizaad williams,MI,BOWL,0.75,0.75
luke wood,-,BOWL,0.75,Unsold
sachin dhas,-,BAT,0.3,Unsold
leus du plooy,-,BAT,0.5,Unsold
ashwin hebbar,-,BAT,0.3,TBA
rohan  kunnummal,-,BAT,0.3,TBA
ayush pandey,-,BAT,0.3,TBA
akshat raghuwanshi,-,BAT,0.3,TBA
shoun roger,-,BAT,0.4,TBA
virat singh,-,BAT,0.3,TBA
priyansh arya,PBKS,AR,0.3,3.8
manoj bhandage,RCB,AR,0.3,0.3
praveen dubey,PBKS,AR,0.3,0.3
ajay mandal,DC,AR,0.3,0.3
prerak mankad,-,AR,0.3,TBA
vipraj nigam,DC,AR,0.3,0.5
vicky ostwal,-,AR,0.3,TBA
shivalik sharma,-,AR,0.3,Unsold
salil arora,-,BAT,0.3,TBA
dinesh bana,-,BAT,0.3,TBA
guruswamy ajitesh,-,BAT,0.3,TBA
narayan jagadeesan,-,BAT,0.3,TBA
krishnan shrijith,MI,BAT,0.3,0.3
michael pepper,-,BAT,0.5,TBA
vishnu solanki,-,BAT,0.3,TBA
km asif,-,BOWL,0.3,TBA
akhil chaudhary,-,BOWL,0.3,TBA
himanshu chauhan,-,BOWL,0.3,TBA
arpit guleria,-,BOWL,0.3,Unsold
saranu nishanth,-,BOWL,0.3,TBA
kuldip yadav,-,BOWL,0.3,TBA
prithvi raj,-,BOWL,0.3,TBA
shubham agarwal,-,BOWL,0.3,TBA
jasinder singh,-,BOWL,0.3,TBA
jasmer dhankhar,-,BOWL,0.3,TBA
pulkit narang,-,BOWL,0.3,TBA
saumy pandey,-,BOWL,0.3,TBA
mohit rathee,RCB,BOWL,0.3,0.3
himanshu singh,-,BOWL,0.3,TBA
towhid hridoy,-,BAT,0.75,TBA
mikyle louis,-,BAT,0.75,TBA
harry tector,-,BAT,0.75,TBA
rassie van der dussen,-,BAT,2,TBA
will young,-,BAT,1.25,TBA
najibullah zadran,-,BAT,0.75,TBA
ibrahim zadran,-,BAT,0.75,TBA
sean abbott,-,AR,2,TBA
jacob bethell,RCB,AR,1.25,2.6
brydon carse,SRH,AR,1,1
aaron hardie,PBKS,AR,1.25,1.25
sarfaraz khan,-,AR,0.75,Unsold
kyle mayers,-,AR,1.5,Unsold
kamindu mendis,SRH,AR,0.75,0.75
matthew short,-,AR,0.75,Unsold
jason behrendorff,-,BOWL,1.5,Unsold
dushmantha chameera,DC,BOWL,0.75,0.75
nathan ellis,CSK,BOWL,1.25,2
shamar joseph,LSG,BOWL,0.75,0.75
josh little,-,BOWL,0.75,TBA
shivam mavi,-,BOWL,0.75,Unsold
jhye richardson,-,BOWL,1.5,TBA
navdeep saini,-,BOWL,0.75,Unsold
tanmay agarwal,-,BAT,0.3,TBA
amandeep khare,-,BAT,0.3,TBA
ayush mhatre,-,BAT,0.3,TBA
salman nizar,-,BAT,0.3,Unsold
aniket verma,SRH,BAT,0.3,0.3
sumeet verma,-,BAT,0.3,TBA
manan vohra,-,BAT,0.3,TBA
samarth vyas,-,BAT,0.3,TBA
raj bawa,MI,AR,0.3,0.3
emanjot singh chahal,-,AR,0.3,Unsold
musheer khan,PBKS,AR,0.3,0.3
manvanth kumar,DC,AR,0.3,0.3
mayank rawat,-,AR,0.3,TBA
suryansh shedge,PBKS,AR,0.3,0.3
hrithik shokeen,-,AR,0.3,TBA
sonu yadav,-,AR,0.3,TBA
rithik easwaran,-,BAT,0.3,TBA
anmol malhotra,-,BAT,0.3,TBA
pradosh ranjan paul,-,BAT,0.3,TBA
karteek sharma,-,BAT,0.3,TBA
akash singh,-,BAT,0.3,TBA
tejasvi singh,-,BAT,0.3,TBA
siddarth yadav,-,BAT,0.3,TBA
saurabh dubey,-,BOWL,0.3,TBA
aaqib khan,-,BOWL,0.3,TBA
kulwant khejroliya,GT,BOWL,0.3,0.3
ankit rajpoot,-,BOWL,0.3,TBA
divesh sharma,-,BOWL,0.3,Unsold
naman tiwari,-,BOWL,0.3,Unsold
prince yadav,LSG,BOWL,0.3,0.3
kunal singh chibb,-,BOWL,0.3,TBA
yuvraj chudasama,-,BOWL,0.3,TBA
deepak devadiga,-,BOWL,0.3,TBA
ramesh prasad,-,BOWL,0.3,TBA
shivam shukla,-,BOWL,0.3,TBA
himanshu singh,-,BOWL,0.3,TBA
tejpreet singh,-,BOWL,0.3,TBA
qais ahmad,-,AR,0.75,TBA
charith asalanka,-,AR,0.75,TBA
michael bracewell,-,AR,1.5,Unsold
gudakesh motie,-,AR,0.75,TBA
dan mousley,-,AR,0.75,TBA
jamie overton,CSK,AR,1.5,1.5
dunith wellalage,-,AR,0.75,TBA
ottneil baartman,-,BOWL,0.75,Unsold
xavier bartlett,PBKS,BOWL,0.75,0.8
dilshan madushanka,-,BOWL,0.75,Unsold
adam milne,-,BOWL,2,Unsold
lungi ngidi,RCB,BOWL,1,1
william o’rourke,-,BOWL,1.5,Unsold
chetan sakariya,-,BOWL,0.75,Unsold
sandeep warrier,-,BOWL,0.75,Unsold
musaif ajaz,-,BAT,0.3,TBA
agni chopra,-,BAT,0.3,TBA
abhimanyu easwaran,-,BAT,0.3,TBA
sudip kumar gharami,-,BAT,0.3,TBA
shubham khajuria,-,BAT,0.3,TBA
akhil rawat,-,BAT,0.3,TBA
prateek yadav,-,BAT,0.3,TBA
abdul basith,-,AR,0.3,Unsold
kc cariappa,-,AR,0.3,TBA
yuvraj chaudhary,LSG,AR,0.3,Unsold
aman khan,-,AR,0.3,TBA
sumit kumar,-,AR,0.3,TBA
kamlesh nagarkoti,CSK,AR,0.3,0.3
hardik raj,-,AR,0.3,TBA
harsh tyagi,-,AR,0.3,TBA
m ajnas,-,BAT,0.3,TBA
unmukt chand,-,BAT,0.3,TBA
tejasvi dahiya,-,BAT,0.3,Unsold
sumit ghadigaonkar,-,BAT,0.3,TBA
baba indrajith,-,BAT,0.3,TBA
muhammed adnan khan,-,BAT,0.3,TBA
bhagmender lather,-,BAT,0.3,TBA
baltej singh,-,BOWL,0.3,TBA
ali khan,-,BOWL,0.3,TBA
ravi kumar,-,BOWL,0.3,TBA
vineet panwar,-,BOWL,0.3,TBA
vidyadhar patil,-,BOWL,0.3,TBA
aaradhya shukla,-,BOWL,0.3,TBA
abhinandan singh,RCB,BOWL,0.3,0.3
cooper connolly,-,AR,0.75,TBA
dushan hemantha,-,AR,0.75,TBA
jason holder,-,AR,2,TBA
karim janat,GT,AR,0.75,0.75
james neesham,-,AR,1.5,TBA
daniel sams,-,AR,1.5,TBA
will sutherland,-,AR,0.75,TBA
taskin ahmed,-,BOWL,1,TBA
ben dwarshuis,-,BOWL,0.75,TBA
obed mccoy,-,BOWL,1.25,TBA
riley meredith,-,BOWL,1.5,TBA
lance morris,-,BOWL,1.25,Unsold
olly stone,-,BOWL,0.75,Unsold
daniel worrall,-,BOWL,1.5,TBA
pyla avinash,PBKS,BAT,0.3,0.3
kiran chormale,-,BAT,0.3,TBA
ashish dahariya,-,BAT,0.3,TBA
tushar raheja,-,BAT,0.3,TBA
sarthak ranjan,-,BAT,0.3,TBA
abhijeet tomar,-,BAT,0.3,TBA
krish bhagat,-,AR,0.3,TBA
sohraab dhaliwal,-,AR,0.3,TBA
harsh dubey,-,AR,0.3,TBA
ramakrishna ghosh,CSK,AR,0.3,0.3
raj limbani,-,AR,0.3,Unsold
ninad rathva,-,AR,0.3,TBA
vivrant sharma,-,AR,0.3,TBA
shiva singh,-,AR,0.3,Unsold
sayed irfan aftab,-,BOWL,0.3,TBA
anirudh chowdhary,-,BOWL,0.3,Unsold
siddarth kaul,-,BOWL,0.4,TBA
prashant painkra,-,BOWL,0.3,TBA
satyanarayana raju,MI,BOWL,0.3,0.3
yeddala reddy,-,BOWL,0.3,TBA
zakary foulkes,-,AR,0.75,TBA
chris green,-,AR,1,TBA
shakib al hasan,-,AR,1,TBA
mehidy hasan miraz,-,AR,1,TBA
wiaan mulder,-,AR,0.75,TBA
dwaine pretorius,-,AR,0.75,Unsold
dasun shanaka,-,AR,0.75,TBA
shoriful islam,-,BOWL,0.75,TBA
blessing muzarabani,-,BOWL,0.75,Unsold
matthew potts,-,BOWL,1.5,TBA
tanzim hasan sakib,-,BOWL,0.75,TBA
ben sears,-,BOWL,1,TBA
tim southee,-,BOWL,1.5,TBA
john turner,-,BOWL,1.5,TBA
joshua brown,-,BAT,0.3,TBA
oliver davies,-,BAT,0.3,TBA
bevon jacobs,MI,BAT,0.3,0.3
atharva kale,-,BAT,0.3,TBA
abhishek nair,-,BAT,0.3,TBA
vishwanath singh,-,BAT,0.3,TBA
lone nasir,-,AR,0.3,TBA
brandon mcmullen,-,AR,0.3,Unsold
sudhesan midhun,-,AR,0.3,TBA
abid mushtaq,-,AR,0.3,TBA
mahesh pithiya,-,AR,0.3,TBA
maramreddy reddy,-,AR,0.3,TBA
atit sheth,-,AR,0.3,Unsold
jonty sidhu,-,AR,0.3,TBA
mohit avasthi,-,BOWL,0.3,TBA
faridoon dawoodzai,-,BOWL,0.3,TBA
praful hinge,-,BOWL,0.3,TBA
pankaj jaswal,-,BOWL,0.3,TBA
vijay kumar,-,BOWL,0.3,Unsold
ashok sharma,RR,BOWL,0.3,0.3
mujtaba yousuf,-,BOWL,0.3,TBA
ashton agar,-,AR,1.25,TBA
roston chase,-,AR,0.75,Unsold
junior dala,-,AR,0.75,TBA
mahedi hasan,-,AR,0.75,TBA
nangeyalia kharote,-,AR,0.75,TBA
dan lawrence,-,AR,1,TBA
nathan smith,-,AR,1,Unsold
james anderson,-,BOWL,1.25,TBA
kyle jamieson,-,BOWL,1.5,Unsold
chris jordan,-,BOWL,2,Unsold
hasan mahmud,-,BOWL,0.75,TBA
tymal mills,-,BOWL,2,TBA
david payne,-,BOWL,1,TBA
nahid rana,-,BOWL,0.75,TBA
prayas ray barman,-,BAT,0.3,TBA
jafar jamal,-,BAT,0.3,TBA
ayaz khan,-,BAT,0.3,TBA
kaushik maity,-,BAT,0.3,TBA
rituraj sharma,-,BAT,0.3,TBA
vaibhav suryavanshi,RR,BAT,0.3,1.1
kartik chadha,-,AR,0.3,TBA
writtick chatterjee,-,AR,0.3,TBA
prerit dutta,-,AR,0.3,TBA
rajneesh gurbani,-,AR,0.3,TBA
shubhang hegde,-,AR,0.3,TBA
saransh jain,-,AR,0.3,TBA
ripal patel,-,AR,0.3,Unsold
akash vasisht,-,AR,0.3,TBA
anirudh kanwar,-,BOWL,0.3,TBA
shubham kapse,-,BOWL,0.3,TBA
atif mushtaq,-,BOWL,0.3,TBA
dipesh parwani,-,BOWL,0.3,TBA
manish reddy,-,BOWL,0.3,TBA
chetan sharma,-,BOWL,0.3,TBA
avinash singh,-,BOWL,0.3,Unsold
alick athanaze,-,AR,0.75,TBA
hilton cartwright,-,AR,0.75,TBA
dominic drakes,-,AR,1.25,TBA
daryn dupavillon,-,BOWL,0.75,TBA
matthew forde,-,AR,1.25,TBA
patrick kruger,-,AR,0.75,TBA
lahiru kumara,-,BOWL,0.75,TBA
michael neser,-,AR,0.75,TBA
richard ngarava,-,BOWL,0.75,TBA
wayne parnell,-,BOWL,1,TBA
keemo paul,-,AR,1.25,TBA
odean smith,-,AR,0.75,TBA
andrew tye,-,BOWL,0.75,TBA
ajay ahlawat,-,AR,0.4,TBA
corbin bosch,-,AR,0.3,TBA
mayank gusain,-,AR,0.3,TBA
mukhtar hussain,-,AR,0.3,TBA
girinath reddy,-,AR,0.3,TBA
jalaj saxena,-,AR,0.4,TBA
yajas sharma,-,AR,0.3,TBA
sanjay yadav,-,AR,0.3,Unsold
vishal godara,-,BOWL,0.3,TBA
eshan malinga,SRH,BOWL,0.3,1.2
samarth nagaraj,-,BOWL,0.3,TBA
abhishek saini,-,BOWL,0.3,TBA
dumindu sewmina,-,BOWL,0.3,TBA
pradyuman singh,-,BOWL,0.3,TBA
vasu vats,-,BOWL,0.3,TBA
umang kumar,-,AR,0.3,Unsold
mohamed ali,-,AR,0.3,TBA
atharva ankolekar,-,AR,0.3,TBA
vaisakh chandran,-,AR,0.3,TBA
auqib nabi,-,AR,0.3,TBA
rohit rayudu,-,AR,0.3,TBA
uday saharan,-,AR,0.3,TBA
ayush vartak,-,AR,0.3,TBA
baba aparajith,-,AR,0.3,TBA
sumit beniwal,-,AR,0.3,TBA
nishunk birla,-,AR,0.3,TBA
digvijay deshmukh,-,AR,0.3,Unsold
lakshay jain,-,AR,0.3,TBA
duan jansen,-,AR,0.3,TBA
kritagya singh,-,AR,0.3,TBA
p vignesh,-,AR,0.3,TBA
sabhay chadha,-,AR,0.3,TBA
benny howell,-,AR,0.3,TBA
hemanth kumar,-,AR,0.3,TBA
rohan rana,-,AR,0.3,TBA
bharat sharma,-,AR,0.3,TBA
pratham singh,-,AR,0.3,TBA
tripurana vijay,DC,AR,0.3,0.3
ravi kumar yadav,-,AR,0.3,TBA
arjun azad,-,AR,0.3,TBA
abhay choudhary,-,AR,0.3,TBA
gaurav gambhir,-,AR,0.3,TBA
shubham garhwal,-,AR,0.3,TBA
tejasvi jaiswal,-,AR,0.3,TBA
sairaj patil,-,AR,0.3,TBA
madhav tiwari,DC,AR,0.3,0.4
kamal tripathi,-,AR,0.3,TBA
prashant chauhan,-,AR,0.3,TBA
yash dabas,-,AR,0.3,Unsold
dhruv kaushik,-,AR,0.3,TBA
khrievitso kense,-,AR,0.3,Unsold
akash parkar,-,AR,0.3,TBA
vignesh puthur,MI,AR,0.3,0.3
tripuresh singh,-,AR,0.3,TBA
vijay yadav,-,AR,0.3,TBA
jofra archer,RR,BOWL,2,12.5
saurabh netravalkar,-,BOWL,0.3,TBA
hardik tamore,-,WK,0.3,TBA
daryl mitchell,-,AR,2,Unsold
