Team,Sr_No,Player,Nationality,Base_Price_INR,Winning_Bid_INR,Capped_Status
"CHENNAI SUPER KINGS","1","Daryl Mitchell","Indian","Overseas","All-Rounder","₹14,00,00,000"
"CHENNAI SUPER KINGS","2","Sameer Rizvi","Indian","Indian","Batter","₹8,40,00,000"
"CHENNAI SUPER KINGS","3","Shardul Thakur","Indian","Indian","All-Rounder","₹4,00,00,000"
"CHENNAI SUPER KINGS","4","Mustafizur Rahman","Indian","Overseas","Bowler","₹2,00,00,000"
"CHENNAI SUPER KINGS","5","Rachin Ravindra","Indian","Overseas","All-Rounder","₹1,80,00,000"
"CHENNAI SUPER KINGS","6","Avanish Rao Aravelly","Indian","Indian","Wicket-Keeper","₹20,00,000"
"DELHI CAPITALS","1","Kumar Kushagra","Indian","Indian","Wicket-Keeper","₹7,20,00,000"
"DELHI CAPITALS","2","Jhye Richardson","Indian","Overseas","Bowler","₹5,00,00,000"
"DELHI CAPITALS","3","Harry Brook","Indian","Overseas","Batter","₹4,00,00,000"
"DELHI CAPITALS","4","Sumit Kumar","Indian","Indian","All-Rounder","₹1,00,00,000"
"DELHI CAPITALS","5","Shai Hope","Indian","Overseas","Wicket-Keeper","₹75,00,000"
"DELHI CAPITALS","6","Tristan Stubbs","Indian","Overseas","Wicket-Keeper","₹50,00,000"
"DELHI CAPITALS","7","Ricky Bhui","Indian","Indian","Wicket-Keeper","₹20,00,000"
"DELHI CAPITALS","8","Swastik Chhikara","Indian","Indian","Batter","₹20,00,000"
"DELHI CAPITALS","9","Rasikh Dar","Indian","Indian","Bowler","₹20,00,000"
"GUJARAT TITANS","1","Spencer Johnson","Indian","Overseas","Bowler","₹10,00,00,000"
"GUJARAT TITANS","2","Shahrukh Khan","Indian","Indian","All-Rounder","₹7,40,00,000"
"GUJARAT TITANS","3","Umesh Yadav","Indian","Indian","Bowler","₹5,80,00,000"
"GUJARAT TITANS","4","Robin Minz","Indian","Indian","Wicket-Keeper","₹3,60,00,000"
"GUJARAT TITANS","5","Sushant Mishra","Indian","Indian","Bowler","₹2,20,00,000"
"GUJARAT TITANS","6","Kartik Tyagi","Indian","Indian","Bowler","₹60,00,000"
"GUJARAT TITANS","7","Azmatullah Omarzai","Indian","Overseas","All-Rounder","₹50,00,000"
"GUJARAT TITANS","8","Manav Suthar","Indian","Indian","Bowler","₹20,00,000"
"KOLKATA KNIGHT RIDERS","1","Mitchell  Starc","Indian","Overseas","Bowler","₹24,75,00,000"
"KOLKATA KNIGHT RIDERS","2","Mujeeb Rahman","Indian","Overseas","Bowler","₹2,00,00,000"
"KOLKATA KNIGHT RIDERS","3","Sherfane Rutherford","Indian","Overseas","Batter","₹1,50,00,000"
"KOLKATA KNIGHT RIDERS","4","Gus Atkinson","Indian","Overseas","Bowler","₹1,00,00,000"
"KOLKATA KNIGHT RIDERS","5","Manish Pandey","Indian","Indian","Batter","₹50,00,000"
"KOLKATA KNIGHT RIDERS","6","K.S. Bharat","Indian","Indian","Wicket-Keeper","₹50,00,000"
"KOLKATA KNIGHT RIDERS","7","Chetan Sakariya","Indian","Indian","Bowler","₹50,00,000"
"KOLKATA KNIGHT RIDERS","8","Angkrish Raghuvanshi","Indian","Indian","Batter","₹20,00,000"
"KOLKATA KNIGHT RIDERS","9","Ramandeep  Singh","Indian","Indian","All-Rounder","₹20,00,000"
"KOLKATA KNIGHT RIDERS","10","Sakib Hussain","Indian","Indian","Bowler","₹20,00,000"
"LUCKNOW SUPER GIANTS","1","Shivam  Mavi","Indian","Indian","Bowler","₹6,40,00,000"
"LUCKNOW SUPER GIANTS","2","M. Siddharth","Indian","Indian","Bowler","₹2,40,00,000"
"LUCKNOW SUPER GIANTS","3","David Willey","Indian","Overseas","All-Rounder","₹2,00,00,000"
"LUCKNOW SUPER GIANTS","4","Ashton Turner","Indian","Overseas","Batter","₹1,00,00,000"
"LUCKNOW SUPER GIANTS","5","Arshin Kulkarni","Indian","Indian","All-Rounder","₹20,00,000"
"LUCKNOW SUPER GIANTS","6","Mohd. Arshad Khan","Indian","Indian","All-Rounder","₹20,00,000"
"MUMBAI INDIANS","1","Gerald Coetzee","Indian","Overseas","All-Rounder","₹5,00,00,000"
"MUMBAI INDIANS","2","Nuwan Thushara","Indian","Overseas","Bowler","₹4,80,00,000"
"MUMBAI INDIANS","3","Dilshan Madushanka","Indian","Overseas","Bowler","₹4,60,00,000"
"MUMBAI INDIANS","4","Mohammad Nabi","Indian","Overseas","All-Rounder","₹1,50,00,000"
"MUMBAI INDIANS","5","Shreyas Gopal","Indian","Indian","Bowler","₹20,00,000"
"MUMBAI INDIANS","6","Shivalik Sharma","Indian","Indian","All-Rounder","₹20,00,000"
"MUMBAI INDIANS","7","Anshul Kamboj","Indian","Indian","All-Rounder","₹20,00,000"
"MUMBAI INDIANS","8","Naman Dhir","Indian","Indian","All-Rounder","₹20,00,000"
"PUNJAB KINGS","1","Harshal Patel","Indian","Indian","All-Rounder","₹11,75,00,000"
"PUNJAB KINGS","2","Rilee Rossouw","Indian","Overseas","Batter","₹8,00,00,000"
"PUNJAB KINGS","3","Chris Woakes","Indian","Overseas","All-Rounder","₹4,20,00,000"
"PUNJAB KINGS","4","Tanay Thyagarajann","Indian","Indian","All-Rounder","₹20,00,000"
"PUNJAB KINGS","5","Vishwanath Pratap Singh","Indian","Indian","All-Rounder","₹20,00,000"
"PUNJAB KINGS","6","Ashutosh Sharma","Indian","Indian","All-Rounder","₹20,00,000"
"PUNJAB KINGS","7","Shashank  Singh","Indian","Indian","Batter","₹20,00,000"
"PUNJAB KINGS","8","Prince Choudhary","Indian","Indian","Bowler","₹20,00,000"
"RAJASTHAN ROYALS","1","Rovman Powell","Indian","Overseas","Batter","₹7,40,00,000"
"RAJASTHAN ROYALS","2","Shubham Dubey","Indian","Indian","Batter","₹5,80,00,000"
"RAJASTHAN ROYALS","3","Nandre Burger","Indian","Overseas","Bowler","₹50,00,000"
"RAJASTHAN ROYALS","4","Tom Kohler-Cadmore","Indian","Overseas","Wicket-Keeper","₹40,00,000"
"RAJASTHAN ROYALS","5","Abid Mushtaq","Indian","Indian","All-Rounder","₹20,00,000"
"ROYAL CHALLENGERS BENGALURU","1","Alzarri Joseph","Indian","Overseas","Bowler","₹11,50,00,000"
"ROYAL CHALLENGERS BENGALURU","2","Yash  Dayal","Indian","Indian","Bowler","₹5,00,00,000"
"ROYAL CHALLENGERS BENGALURU","3","Lockie Ferguson","Indian","Overseas","Bowler","₹2,00,00,000"
"ROYAL CHALLENGERS BENGALURU","4","Tom Curran","Indian","Overseas","All-Rounder","₹1,50,00,000"
"ROYAL CHALLENGERS BENGALURU","5","Saurav Chuahan","Indian","Indian","Batter","₹20,00,000"
"ROYAL CHALLENGERS BENGALURU","6","Swapnil Singh","Indian","Indian","All-Rounder","₹20,00,000"
"SUNRISERS HYDERABAD","1","Pat Cummins","Indian","Overseas","All-Rounder","₹20,50,00,000"
"SUNRISERS HYDERABAD","2","Travis Head","Indian","Overseas","Batter","₹6,80,00,000"
"SUNRISERS HYDERABAD","3","Jaydev Unadkat","Indian","Indian","Bowler","₹1,60,00,000"
"SUNRISERS HYDERABAD","4","Wanindu Hasaranga","Indian","Overseas","All-Rounder","₹1,50,00,000"
"SUNRISERS HYDERABAD","5","Jhathavedh Subramanyan","Indian","Indian","Bowler","₹20,00,000"
"SUNRISERS HYDERABAD","6","Akash Singh","Indian","Indian","Bowler","₹20,00,000"