Player,Role,Team,Final_Price_Cr
Ms Dhoni (Wk)(C),WK-Batsman,Chennai Super Kings,12
Ruturaj Gaikwad,Batsman,Chennai Super Kings,6
Devon Conway,Batsman,Chennai Super Kings,1
Deepak Chahar,Bowler,Chennai Super Kings,14
Tushar Deshpande,Bowler,Chennai Super Kings,0.2
Maheesh Theekshana,Bowler,Chennai Super Kings,0.7
Simranjeet Singh,Bowler,Chennai Super Kings,0.2
Matheesha Pathirana,Bowler,Chennai Super Kings,0.2
Prashant Solanki,Bowler,Chennai Super Kings,1.2
Mitchell Santner,Bowler,Chennai Super Kings,1.9
Rajvardhan Hangargekar,Bowler,Chennai Super Kings,1.5
Ravindra Jadeja,All-rounder,Chennai Super Kings,16
Moeen Ali,All-rounder,Chennai Super Kings,8
Shivam Dube,All-rounder,Chennai Super Kings,4
Ajinkya Rahane,Batsman,Chennai Super Kings,0.5
Nishant Sindhu,All-rounder,Chennai Super Kings,0.2
Shaik Rasheed,Batsman,Chennai Super Kings,0.2
Ajay Mandal,Bowler,Chennai Super Kings,0.2
Mukesh Choudhary,Bowler,Chennai Super Kings,0.2
Rachin Ravindra,All-rounder,Chennai Super Kings,1.8
Shardul Thakur,All-rounder,Chennai Super Kings,4
Daryl Mitchell,All-rounder,Chennai Super Kings,14
Sameer Rizvi,Batsman,Chennai Super Kings,8.4
Mustafizur Rahman,Bowler,Chennai Super Kings,2
Avanish Rao Aravelly,WK-Batsman,Chennai Super Kings,0.2
Rishabh Pant,WT-Batsman,Delhi Capitals,
Abhishek Porel,WT-Batsman,Delhi Capitals,0.2
Prithvi Shaw,Batsman,Delhi Capitals,7.5
David Warner,Batsman,Delhi Capitals,6.25
Yash Dhull,Batsman,Delhi Capitals,0.5
Anrich Nortje,Bowler,Delhi Capitals,6.5
Lungi Ngidi,Bowler,Delhi Capitals,0.5
Khaleel Ahmed,Bowler,Delhi Capitals,5.25
Praveen Dubey,Bowler,Delhi Capitals,0.5
Kuldeep Yadav,Bowler,Delhi Capitals,2
Axar Patel,All-rounder,Delhi Capitals,9
Mitchell Marsh,All-rounder,Delhi Capitals,6.5
Lalit Yadav,All-rounder,Delhi Capitals,0.65
Vicky Ostwal,All-rounder,Delhi Capitals,0.2
Ishant Sharma,Bowler,Delhi Capitals,0.5
Mukesh Kumar,Bowler,Delhi Capitals,5.5
Harry Brook,Batsman,Delhi Capitals,4
Tristan Stubbs,WT-Batsman,Delhi Capitals,0.5
Ricky Bhui,WT-Batsman,Delhi Capitals,0.2
Kumar Kushagra,WT-Batsman,Delhi Capitals,7.2
Rasikh Dar,Bowler,Delhi Capitals,0.2
Jhye Richardson,Bowler,Delhi Capitals,5
Sumit Kumar,All-rounder,Delhi Capitals,1
Shai Hope,WT-Batsman,Delhi Capitals,0.75
Swastik Chikara,Batsman,Delhi Capitals,0.2
Shubman Gill(C),Batsman,Gujarat Titans,8
Sai Sudarshan,Batsman,Gujarat Titans,0.2
Abhinav Manohar,Batsman,Gujarat Titans,2.6
David Miller,Batsman,Gujarat Titans,3
Kane Williamson,Batsman,Gujarat Titans,2
Matthew Wade (Wk),WK-Batsman,Gujarat Titans,2.4
Wriddhiman Saha (Wk),WK-Batsman,Gujarat Titans,1.9
Rashid Khan,Bowler,Gujarat Titans,15
Darshan Nalkande,Bowler,Gujarat Titans,0.2
R Sai Kishore,Bowler,Gujarat Titans,3
Noor Ahmad,Bowler,Gujarat Titans,0.3
Mohammed Shami,Bowler,Gujarat Titans,6.25
Vijay Shankar,All-rounder,Gujarat Titans,1.4
Jayant Yadav,All-rounder,Gujarat Titans,1.7
Rahul Tewatia,All-rounder,Gujarat Titans,9
Joshua Little,Bowler,Gujarat Titans,4.4
Mohit Sharma,Bowler,Gujarat Titans,0.5
Azmatullah Omarzai,All-rounder,Gujarat Titans,0.5
Umesh Yadav,Bowler,Gujarat Titans,5.8
Shahrukh Khan,All-rounder,Gujarat Titans,7.4
Sushant Mishra,Bowler,Gujarat Titans,2.2
Kartik Tyagi,Bowler,Gujarat Titans,0.6
Manav Suthar,Bowler,Gujarat Titans,0.2
Spencer Johnson,Bowler,Gujarat Titans,10
Robin Minz,WK-Batsman,Gujarat Titans,3.6
Shreyas Iyer,Batsman,Kolkata Knight Riders,12.25
Nitish Rana,Batsman,Kolkata Knight Riders,8
Rinku Singh,Batsman,Kolkata Knight Riders,0.55
Varun Chakravarty,Bowlers,Kolkata Knight Riders,8
Andre Russell,All-rounder,Kolkata Knight Riders,12
Venkatesh Iyer,All-rounder,Kolkata Knight Riders,8
Sunil Narine,All-rounder,Kolkata Knight Riders,6
Anukul Roy,All-rounder,Kolkata Knight Riders,0.2
Rahmanullah Gurbaz,WK-Batsman,Kolkata Knight Riders,0.5
Harshit Rana,Bowler,Kolkata Knight Riders,0.2
Vaibhav Arora,Bowler,Kolkata Knight Riders,0.6
Suyash Sharma,Bowler,Kolkata Knight Riders,0.2
Jason Roy,Batsman,Kolkata Knight Riders,2.8
Ks Bharat,WK-Batsman,Kolkata Knight Riders,0.5
Chetan Sakaria,Bowler,Kolkata Knight Riders,0.5
Mitchell Starc,Bowler,Kolkata Knight Riders,24.75
Angkrish Raghuvanshi,Batsman,Kolkata Knight Riders,0.2
Ramandeep Singh,All-rounder,Kolkata Knight Riders,0.2
Sherfane Rutherford,Batsman,Kolkata Knight Riders,1.5
Manish Pandey,Batsman,Kolkata Knight Riders,0.5
Mujeeb Rahman,Bowler,Kolkata Knight Riders,2
Gus Atkinson,Bowler,Kolkata Knight Riders,1
Sakib Hussain,Bowler,Kolkata Knight Riders,0.2
Kl Rahul (C&Wk),WK-Batsman,Lucknow Super Giants,17
Quinton De Kock (Wk),WK-Batsman,Lucknow Super Giants,6.75
Ravi Bishnoi,Bowler,Lucknow Super Giants,4
Mohsin Khan,Bowler,Lucknow Super Giants,0.2
Mark Wood,Bowler,Lucknow Super Giants,7.5
Marcus Stoinis,All-rounder,Lucknow Super Giants,9.2
Kyle Mayers,All-rounder,Lucknow Super Giants,0.5
Ayush Badoni,All-rounder,Lucknow Super Giants,0.2
Deepak Hooda,All-rounder,Lucknow Super Giants,5.75
Krunal Pandya,All-rounder,Lucknow Super Giants,8.25
Nicholas Pooran,WK-Batsman,Lucknow Super Giants,16
Yash Thakur,Bowler,Lucknow Super Giants,0.45
Amit Mishra,Bowler,Lucknow Super Giants,0.5
Prerak Mankad,All-rounder,Lucknow Super Giants,0.2
Naveen-Ul-Haq,Bowler,Lucknow Super Giants,0.5
Yudhvir Singh,All-rounder,Lucknow Super Giants,0.2
Devdutt Padikkal,Batsman,Lucknow Super Giants,
Krishnappa Gowthan,All-rounder,Lucknow Super Giants,0.9
Mayank Yadav,Bowler,Lucknow Super Giants,0.2
Shivam Mavi,Bowler,Lucknow Super Giants,6.4
Arshin Kulkarni,All-rounder,Lucknow Super Giants,0.2
M. Siddharth,Bowler,Lucknow Super Giants,2.4
Ashton Turner,Batsman,Lucknow Super Giants,1
David Willey,All-rounder,Lucknow Super Giants,2
Arshad Khan,All-rounder,Lucknow Super Giants,0.2
Rohit Sharma,Batsman,Mumbai Indians,16
Suryakumar Yadav,Batsman,Mumbai Indians,8
Tilak Varma,Batsman,Mumbai Indians,1.7
Dewald Brevis,Batsman,Mumbai Indians,3
Ishan Kishan (Wk),WK-Batsman,Mumbai Indians,15.25
Kumar Kartikeya Singh,Bowler,Mumbai Indians,0.2
Jasprit Bumrah,Bowler,Mumbai Indians,12
Arjun Tendulkar,All-rounder,Mumbai Indians,0.3
Tim David,All-rounder,Mumbai Indians,8.25
Akash Madhwal,Bowler,Mumbai Indians,0.2
Jason Behrendorff,Bowler,Mumbai Indians,
Piyush Chawla,Bowler,Mumbai Indians,0.5
Shams Mulani,All-rounder,Mumbai Indians,0.2
Nehal Wadhera,All-rounder,Mumbai Indians,0.2
Vishnu Vinod,WK-Batsman,Mumbai Indians,0.2
Romario Shepherd,All-rounder,Mumbai Indians,
Hardik Pandya(C),All-rounder,Mumbai Indians,
Gerald Coetzee,All-rounder,Mumbai Indians,5
Dilshan Madushanka,Bowler,Mumbai Indians,4.6
Shreyas Gopal,Bowler,Mumbai Indians,0.2
Nuwan Thushara,Bowler,Mumbai Indians,4.8
Naman Dhir,All-rounder,Mumbai Indians,0.2
Anshul Kamboj,All-rounder,Mumbai Indians,0.2
Mohammad Nabi,All-rounder,Mumbai Indians,1.5
Shivalik Sharma,All-rounder,Mumbai Indians,0.2
Shikhar Dhawan(C),Batsman,Punjab Kings,8.25
Prabhsimran Singh (Wk),WK-Batsman,Punjab Kings,0.6
Jitesh Sharma (Wk),WK-Batsman,Punjab Kings,0.2
Jonny Bairstow,WK-Batsman,Punjab Kings,6.75
Arshdeep Singh,Bowler,Punjab Kings,4
Nathan Ellis,Bowler,Punjab Kings,0.75
Harpreet Brar,Bowler,Punjab Kings,3.8
Rahul Chahar,Bowler,Punjab Kings,5.25
Kagiso Rabada,Bowler,Punjab Kings,9.25
Liam Livingstone,All-rounder,Punjab Kings,11.5
Rishi Dhawan,All-rounder,Punjab Kings,0.55
Atharva Taide,All-rounder,Punjab Kings,0.2
Sam Curran,All-rounder,Punjab Kings,18.5
Sikandar Raza,All-rounder,Punjab Kings,0.5
Harpreet Bhatia,Batsman,Punjab Kings,0.4
Vidwath Kaverappa,Bowler,Punjab Kings,0.2
Shivam Singh,All-rounder,Punjab Kings,0.2
Harshal Patel,All-rounder,Punjab Kings,11.75
Chris Woakes,All-rounder,Punjab Kings,4.2
Ashutosh Sharma,All-rounder,Punjab Kings,0.2
Vishwanath Pratap Singh,All-rounder,Punjab Kings,0.2
Tanay Thayagarajann,All-rounder,Punjab Kings,0.2
Shashank Singh,Batsman,Punjab Kings,0.2
Prince Choudhary,Bowler,Punjab Kings,0.2
Rilee Rossouw,Batsman,Punjab Kings,8
Yashasvi Jaiswal,Batsman,Rajasthan Royals,4
Shimron Hetmyer,Batsman,Rajasthan Royals,8.5
Sanju Samson (C&Wk),WK-Batsman,Rajasthan Royals,14
Jos Buttler (Wk),WK-Batsman,Rajasthan Royals,10
Dhruv Jurel (Wk),WK-Batsman,Rajasthan Royals,0.2
Navdeep Saini,Bowler,Rajasthan Royals,2.6
Kuldeep Sen,Bowler,Rajasthan Royals,0.2
Yuzvendra Chahal,Bowler,Rajasthan Royals,6.5
Trent Boult,Bowler,Rajasthan Royals,8
Riyan Parag,All-rounder,Rajasthan Royals,3.8
Ravichandran Ashwin,All-rounder,Rajasthan Royals,5
Donovan Ferreira,WK-Batsman,Rajasthan Royals,0.5
Kunal Rathore,WK-Batsman,Rajasthan Royals,0.2
Adam Zampa,Bowler,Rajasthan Royals,1.5
Sandeep Sharma,Bowler,Rajasthan Royals,0.5
Avesh Khan,Bowler,Rajasthan Royals,
Prashid Krishna,Bowler,Rajasthan Royals,10
Rovman Powell,Batsman,Rajasthan Royals,7.4
Shubham Dubey,Batsman,Rajasthan Royals,5.8
Tom Kohler-Cadmore,WK-Batsman,Rajasthan Royals,0.4
Abid Mushtaq,All-rounder,Rajasthan Royals,0.5
Nandre Burger,Bowler,Rajasthan Royals,0.5
Virat Kohli,Batsman,Royal Challengers Bangalore,15
Suyash Prabhudessai,Batsman,Royal Challengers Bangalore,0.3
Faf Du Plessis(C),Batsman,Royal Challengers Bangalore,7
Vyshak Vijay Kumar,Bowler,Royal Challengers Bangalore,0.2
Anuj Rawat (Wk),WK-Batsman,Royal Challengers Bangalore,3.4
Dinesh Karthik (Wk),WK-Batsman,Royal Challengers Bangalore,5.5
Mohammed Siraj,Bowler,Royal Challengers Bangalore,7
Karn Sharma,Bowler,Royal Challengers Bangalore,0.5
Akash Deep,Bowler,Royal Challengers Bangalore,0.2
Glenn Maxwell,All-rounder,Royal Challengers Bangalore,11
Mahipal Lomror,All-rounder,Royal Challengers Bangalore,0.95
Himanshu Sharma,Bowler,Royal Challengers Bangalore,0.2
Manoj Bhandage,Allrounder,Royal Challengers Bangalore,0.2
Rajan Kumar,Bowler,Royal Challengers Bangalore,0.7
Rajat Patidar,Batsman,Royal Challengers Bangalore,0.2
Will Jacks,Allrounder,Royal Challengers Bangalore,3.2
Mayank Dagar,Allrounder,Royal Challengers Bangalore,
Reece Topley,Bowler,Royal Challengers Bangalore,1.9
Cameron Green,Allrounder,Royal Challengers Bangalore,
Alzarri Joseph,Bowler,Royal Challengers Bangalore,11.5
Yash Dayal,Bowler,Royal Challengers Bangalore,5
Tom Curran,Allrounder,Royal Challengers Bangalore,1.5
Saurav Chauhan,Batsman,Royal Challengers Bangalore,0.2
Lockie Ferguson,Bowler,Royal Challengers Bangalore,2
Swapnil Singh,Allrounder,Royal Challengers Bangalore,0.2
Aiden Markram(C),Batsman,Sunrisers Hyderabad,2.6
Rahul Tripathi,Batsman,Sunrisers Hyderabad,8.5
Glenn Phillips (Wk),WK-Batsman,Sunrisers Hyderabad,1.5
Umran Malik,Bowler,Sunrisers Hyderabad,4
Fazal Haq Farooqi,Bowler,Sunrisers Hyderabad,0.5
T Natarajan,Bowler,Sunrisers Hyderabad,4
Bhuvneshwar Kumar,Bowler,Sunrisers Hyderabad,4.2
Abdul Samad,All-rounder,Sunrisers Hyderabad,4
Marco Jansen,All-rounder,Sunrisers Hyderabad,4.2
Abhishek Sharma,All-rounder,Sunrisers Hyderabad,6.5
Washington Sundar,All-rounder,Sunrisers Hyderabad,8.75
Mayank Agarwal,Batsman,Sunrisers Hyderabad,8.25
Heinrich Klaasen,WK-Batsman,Sunrisers Hyderabad,5.25
Mayank Markande,Bowler,Sunrisers Hyderabad,0.5
Sanvir Singh,All-rounder,Sunrisers Hyderabad,0.2
Upendra Yadav,WK-Batsman,Sunrisers Hyderabad,0.25
Shahbaz Ahamad,Allrounder,Sunrisers Hyderabad,
Nitish Kumar Reddy,WK-Batsman,Sunrisers Hyderabad,0.2
Anmolpreet Singh,Batman,Sunrisers Hyderabad,0.2
Travis Head,Batman,Sunrisers Hyderabad,6.8
Wanindu Hasaranga,Allrounder,Sunrisers Hyderabad,1.5
Pat Cummins,All-rounder,Sunrisers Hyderabad,20.5
Jaydev Unadkat,Bowler,Sunrisers Hyderabad,1.6
Akash Singh,Bowler,Sunrisers Hyderabad,0.2
Jhathavedh Subramanyan,Bowler,Sunrisers Hyderabad,0.2
